Promotion,Retrenchment,Find Duplicate,,,,,,,
Adelaide L Harrop,Adalberto W Creek,N,,,,,,,
Aiko Blossom,Adelaide L Harrop,N,,,,,,,
Alexis Q Grose,Alexis Q Grose,Y,Alexis Q Grose,,,,,People that will be getting severence benefit,
Aliza X Sammons,Allyn O Farrior,N,,,,,,Alexis Q Grose,
America V Lobel,America V Lobel,Y,America V Lobel,,,,,America V Lobel,
Amiee Z Chaffins,Amiee Z Chaffins,Y,Amiee Z Chaffins,,,,,Amiee Z Chaffins,
Andrew Detweiler,Andrew Detweiler,Y,Andrew Detweiler,,,,,Andrew Detweiler,
Brendon E Mone,Asa E Kunze,N,,,,,,Andrew Detweiler,
Buck H Rancourt,August C Navarette,N,,,,,,Xochitl Hogan,
Candelaria Zajicek,Bell N Molinaro,N,,,,,,Xochitl Luse,
Carlotta T Ryles,Bennie E Manfredi,N,,,,,,Yong Ramsey,
Carmelia E Bergeron,Benny S Brinker,N,,,,,,Young Rueb,
Carolin T Loya,Bernie M Kish,N,,,,,,Young W Funes,
Carolynn V Moynihan,Brendon E Mone,N,,,,,,Yung G Booher,
Cecily D Houser,Bridget D Spadaro,N,,,,,,Yvone Seay,
Celine Baskin,Buck H Rancourt,N,,,,,,Zachary Haugland,
Christie Rodger,Cameron A Chamberland,N,,,,,,Zachary S Velasquez,
Clemente S Wiechmann,Candelaria Q Zajicek,N,,,,,,Zachary U Breeden,
Deanna P Scoggin,Candelaria Zajicek,N,,,,,,Zachary Velasquez,
Detra D Rymer,Carlotta T Ryles,N,,,,,,Zachery Barna,
Devin Hales,Carmelia E Bergeron,N,,,,,,Zack H Mumaw,
Dulce E Grizzard,Cedric N Cavallo,N,,,,,,Zackary G Parkins,
Edmund Mcclung,Christene F Blakemore,N,,,,,,Zana G Ordonez,
Elsy B Latta,Christie Rodger,N,,,,,,Zane J Hurdle,
Fernando S Korhonen,Cliff Skipworth,N,,,,,,Zella Renn,
Garnett Dryer,Cole N Poling,N,,,,,,Zenia D Owings,
Garrett S Nolette,Deanna P Scoggin,N,,,,,,Zoila X Nair,
Inocencia Z Buteau,Dee Joslyn,N,,,,,,,
Jamaal Z Resto,Detra D Rymer,N,,,,,,,
Jamel Meaney,Devin Hales,N,,,,,,,
Janie P Caswell,Digna Q Eck,N,,,,,,,
Jayson S Carrol,Doyle Utter,N,,,,,,,
Jeff E Lucero,Dulce E Grizzard,N,,,,,,,
Jeneva Y Bybee,Edmund Mcclung,N,,,,,,,
Jerlene P Dunnigan,Ela K Hames,N,,,,,,,
Jolanda Dewees,Eldridge B Bose,N,,,,,,,
Jon Arvizu,Elsy B Latta,N,,,,,,,
Jon Behler,Elvis J Stroh,N,,,,,,,
Jordan Phu,Elvis Veiga,N,,,,,,,
Julius Q Stock,Fernando S Korhonen,N,,,,,,,
Kaye Tubbs,Gabriel E Pearsall,N,,,,,,,
Keira Y Till,Garnett Dryer,N,,,,,,,
Ken X Weisberg,Garrett Nolette,N,,,,,,,
Kendrick C Burchette,Garrett S Nolette,N,,,,,,,
Kenton Q Villalta,Grisel R Whitty,N,,,,,,,
Kylie K Freda,Harland S Renshaw,N,,,,,,,
Larry K Mash,Honey D Eaves,N,,,,,,,
Laurena P Caston,Hong M Townson,N,,,,,,,
Loren H Mckenzie,Inocencia Z Buteau,N,,,,,,,
Mack L Lykes,Jamaal Z Resto,N,,,,,,,
Mauricio I Streets,Jamel Meaney,N,,,,,,,
Maximina K Frates,Janie P Caswell,N,,,,,,,
Narcisa C Rayburn,Jayson S Carrol,N,,,,,,,
Nettie T Mccandless,Jenni Olguin,N,,,,,,,
Patria D Riedel,Jocelyn Q Scotti,N,,,,,,,
Reinaldo G Castellanos,Jody K Rude,N,,,,,,,
Renaldo K Cheatham,Jolanda Dewees,N,,,,,,,
Scott D Torrey,Jon Arvizu,N,,,,,,,
Sheryll X Broadbent,Jordan Phu,N,,,,,,,
Stephan Q Ranger,Julius Q Stock,N,,,,,,,
Stewart Mazurek,Kassie Q Binder,N,,,,,,,
Susana H Hooks,Katie N Kinnison,N,,,,,,,
Taneka Q Church,Keila A Lucas,N,,,,,,,
Taylor Thill,Keira Y Till,N,,,,,,,
Therese Q Belden,Ken X Weisberg,N,,,,,,,
Tiny Q Llanos,Kenton Q Villalta,N,,,,,,,
Toney W Bollman,Kimberlee J Hawkins,N,,,,,,,
Toya B Rawlins,Kristopher Alejos,N,,,,,,,
Valene Z Woodmansee,Lamar W Estill,N,,,,,,,
Vaughn Garica,Larisa Still,N,,,,,,,
Vernell X Amado,Larry K Mash,N,,,,,,,
Walton S Keim,Latia Gleaton,N,,,,,,,
Abbey Schindler,Launa N Kohl,N,,,,,,,
Abe J Macleod,Laurena P Caston,N,,,,,,,
Abe Morales,Lenny U Rister,N,,,,,,,
Abe X Paro,Loren H Mckenzie,N,,,,,,,
Abram Q Keffer,Lorriane P Ho,N,,,,,,,
Abram S Manrique,Lyn Tso,N,,,,,,,
Adalberto W Creek,Margrett M Confer,N,,,,,,,
Adam B Katzer,Maximina K Frates,N,,,,,,,
Adele M Burnam,Micaela N Buker,N,,,,,,,
Adelia Abbas,Narcisa C Rayburn,N,,,,,,,
Adelia U Villagomez,Nettie T Mccandless,N,,,,,,,
Adell W Trower,Oren M Mcnabb,N,,,,,,,
Adella U Foushee,Oren Mcnabb,N,,,,,,,
Adelle E Brunner,Orval Q Olinger,N,,,,,,,
Adria M Melendrez,Patria D Riedel,N,,,,,,,
Adriana O Medved,Raymundo Pecora,N,,,,,,,
Agnes Blow,Reinaldo G Castellanos,N,,,,,,,
Agnes D Doud,Reynaldo S Service,N,,,,,,,
Ahmad V Lynde,Sammy C Holtzclaw,N,,,,,,,
Ahmed C Minch,Sarita P Schubert,N,,,,,,,
Ahmed I Strope,Scott D Torrey,N,,,,,,,
Ahmed V Lease,Shanti P Brinegar,N,,,,,,,
Aileen F Hiltz,Shavonne Henkle,N,,,,,,,
Aileen Hiltz,Sherwood K Shire,N,,,,,,,
Akiko S Godby,Sol K Roger,N,,,,,,,
Al Fegley,Stephan Q Ranger,N,,,,,,,
Alanna L Tyrell,Stewart Mazurek,N,,,,,,,
Albert Z Dunford,Susana H Hooks,N,,,,,,,
Alda F Penning,Tamera Balser,N,,,,,,,
Alden Cauley,Taneka Q Church,N,,,,,,,
Alden Y Cauley,Taylor Thill,N,,,,,,,
Alease Lander,Therese Q Belden,N,,,,,,,
Alease Y Lander,Tiny Q Llanos,N,,,,,,,
Alec Mcnees,Toney O Gentle,N,,,,,,,
Aleisha H Mathew,Toney W Bollman,N,,,,,,,
Alesia B Bear,Toya B Rawlins,N,,,,,,,
Alexis C Amaral,Valene Z Woodmansee,N,,,,,,,
Alexis D Bonelli,Vaughn Garica,N,,,,,,,
Alfonzo Knupp,Vernell X Amado,N,,,,,,,
Alfred L Strausbaugh,Vikki N Lezama,N,,,,,,,
Alina L Prowell,Violet L Ertel,N,,,,,,,
Alise Baltzell,Walton S Keim,N,,,,,,,
Alise O Baltzell,Willia Vath,N,,,,,,,
Alisha D Coppock,Windy A Dudek,N,,,,,,,
Allen L Vachon,Wm S Goldschmidt,N,,,,,,,
Allene T Lepe,Abbey Schindler,N,,,,,,,
Alline V Kushner,Abe J Macleod,N,,,,,,,
Allyn O Farrior,Abe Morales,N,,,,,,,
Allyson I Ours,Abe X Paro,N,,,,,,,
Almeda M Dunford,Abram Q Keffer,N,,,,,,,
Alonzo W Stanford,Abram S Manrique,N,,,,,,,
Alphonso Laffoon,Adam B Katzer,N,,,,,,,
Alphonso U Laffoon,Adele M Burnam,N,,,,,,,
Alysia Basil,Adelia Abbas,N,,,,,,,
Amada J Knouse,Adelia U Villagomez,N,,,,,,,
Amado C Bonet,Adell W Trower,N,,,,,,,
Amelia H Burbank,Adella U Foushee,N,,,,,,,
Analisa X Birdsell,Adelle E Brunner,N,,,,,,,
Andre Q Maxon,Adria M Melendrez,N,,,,,,,
Andrea Rhymes,Adriana O Medved,N,,,,,,,
Andreas L Kennard,Agnes Blow,N,,,,,,,
Andreas T Viles,Agnes D Doud,N,,,,,,,
Andres P Towles,Ahmad V Lynde,N,,,,,,,
Andres S Garner,Ahmed C Minch,N,,,,,,,
Andrew D Hersey,Ahmed I Strope,N,,,,,,,
Andrew P Detweiler,Ahmed V Lease,N,,,,,,,
Andria Z Reza,Aiko Blossom,N,,,,,,,
Angel F Palomino,Aileen F Hiltz,N,,,,,,,
Angel Ferebee,Aileen Hiltz,N,,,,,,,
Angela P Lorenzen,Akiko S Godby,N,,,,,,,
Angelo B Fitzmaurice,Al Fegley,N,,,,,,,
Anibal F Pieper,Alanna L Tyrell,N,,,,,,,
Anisha Jasmin,Albert Z Dunford,N,,,,,,,
Annabelle E Encinas,Alda F Penning,N,,,,,,,
Annette Jolin,Alden Cauley,N,,,,,,,
Antone Polston,Alden Y Cauley,N,,,,,,,
Antone W Polston,Alease Lander,N,,,,,,,
Archie Blair,Alease Y Lander,N,,,,,,,
Arden B Fujita,Alec Mcnees,N,,,,,,,
Arlen F Maly,Aleisha H Mathew,N,,,,,,,
Arlen Joly,Alesia B Bear,N,,,,,,,
Arlen M Joly,Alexis C Amaral,N,,,,,,,
Arlen Z Vanslyke,Alexis D Bonelli,N,,,,,,,
Armando H Seaborn,Alfonzo Knupp,N,,,,,,,
Armida Bridwell,Alfred L Strausbaugh,N,,,,,,,
Arnoldo D Mckeen,Alina L Prowell,N,,,,,,,
Aron Durante,Alise Baltzell,N,,,,,,,
Arron R Vegas,Alise O Baltzell,N,,,,,,,
Arturo N Halvorsen,Alisha D Coppock,N,,,,,,,
Asa E Kunze,Aliza X Sammons,N,,,,,,,
Ashanti R Swim,Allen L Vachon,N,,,,,,,
Ashlie G Cadena,Allene T Lepe,N,,,,,,,
Asley F Mcewan,Alline V Kushner,N,,,,,,,
Astrid Marinelli,Allyson I Ours,N,,,,,,,
Astrid R Marinelli,Almeda M Dunford,N,,,,,,,
Asuncion X Braunstein,Alonzo W Stanford,N,,,,,,,
Audrea B Prather,Alphonso Laffoon,N,,,,,,,
Audrea K Papineau,Alphonso U Laffoon,N,,,,,,,
Audria W Barrios,Alysia Basil,N,,,,,,,
Audrie X Mccammon,Amada J Knouse,N,,,,,,,
August C Navarette,Amado C Bonet,N,,,,,,,
August C Strother,Amelia H Burbank,N,,,,,,,
August F Dones,Analisa X Birdsell,N,,,,,,,
Augusta G Kircher,Andre Q Maxon,N,,,,,,,
Aundrea W Lundberg,Andrea Rhymes,N,,,,,,,
Aurelio K Wyckoff,Andreas L Kennard,N,,,,,,,
Austin Janney,Andreas T Viles,N,,,,,,,
Ayako Bachmann,Andres P Towles,N,,,,,,,
Ayako L Bachmann,Andres S Garner,N,,,,,,,
Barak Sali,Andrew D Hersey,N,,,,,,,
Barrie Collman,Andrew P Detweiler,N,,,,,,,
Barrie E Collman,Andria Z Reza,N,,,,,,,
Bart B Gilcrease,Angel F Palomino,N,,,,,,,
Beatrice A Knopf,Angel Ferebee,N,,,,,,,
Beatrice Coen,Angela P Lorenzen,N,,,,,,,
Beatrice T Coen,Angelo B Fitzmaurice,N,,,,,,,
Bell N Molinaro,Anibal F Pieper,N,,,,,,,
Belva Fitzwater,Anisha Jasmin,N,,,,,,,
Ben Gigliotti,Annabelle E Encinas,N,,,,,,,
Ben Lagrange,Annette Jolin,N,,,,,,,
Ben N Lamson,Antone Polston,N,,,,,,,
Ben U Gigliotti,Antone W Polston,N,,,,,,,
Benedict B Wix,Archie Blair,N,,,,,,,
Benedict U Daye,Arden B Fujita,N,,,,,,,
Bennie E Manfredi,Arlen F Maly,N,,,,,,,
Benny S Brinker,Arlen Joly,N,,,,,,,
Berna Z Stoller,Arlen M Joly,N,,,,,,,
Bernard A Harbert,Arlen Z Vanslyke,N,,,,,,,
Bernard Harbert,Armando H Seaborn,N,,,,,,,
Bernard N Weatherly,Armida Bridwell,N,,,,,,,
Bernarda E Gervais,Arnoldo D Mckeen,N,,,,,,,
Bernardina X Roesch,Aron Durante,N,,,,,,,
Bernardo I Garzon,Arron R Vegas,N,,,,,,,
Bernardo X Barbee,Arturo N Halvorsen,N,,,,,,,
Bernie M Kish,Ashanti R Swim,N,,,,,,,
Bert Q Lauritzen,Ashlie G Cadena,N,,,,,,,
Bert S Kinkade,Asley F Mcewan,N,,,,,,,
Bertha E Harbison,Astrid Marinelli,N,,,,,,,
Beryl Helsel,Astrid R Marinelli,N,,,,,,,
Bethann Marini,Asuncion X Braunstein,N,,,,,,,
Bill Tarkington,Audrea B Prather,N,,,,,,,
Billie Liang,Audrea K Papineau,N,,,,,,,
Birdie Savoy,Audria W Barrios,N,,,,,,,
Blanch Y Mysliwiec,Audrie X Mccammon,N,,,,,,,
Bo E Curlee,August C Strother,N,,,,,,,
Bobbie P Chumley,August F Dones,N,,,,,,,
Bobbie Q Holbrook,Augusta G Kircher,N,,,,,,,
Bobbie S Miner,Aundrea W Lundberg,N,,,,,,,
Bobbie X Schoenrock,Aurelio K Wyckoff,N,,,,,,,
Bong M Alvares,Austin Janney,N,,,,,,,
Bonny Poor,Ayako Bachmann,N,,,,,,,
Bonny S Poor,Ayako L Bachmann,N,,,,,,,
Boris A Mccown,Barak Sali,N,,,,,,,
Brad I Pattison,Barrie Collman,N,,,,,,,
Bradford K Marlatt,Barrie E Collman,N,,,,,,,
Brande Sevier,Bart B Gilcrease,N,,,,,,,
Brendon J Camp,Beatrice A Knopf,N,,,,,,,
Brendon V Crowther,Beatrice Coen,N,,,,,,,
Brent U Perlman,Beatrice T Coen,N,,,,,,,
Brenton U Boyett,Belva Fitzwater,N,,,,,,,
Bret C Delancey,Ben Gigliotti,N,,,,,,,
Brett Z Vadnais,Ben Lagrange,N,,,,,,,
Bridget D Spadaro,Ben N Lamson,N,,,,,,,
Bridget Rake,Ben U Gigliotti,N,,,,,,,
Brigitte D Fendley,Benedict B Wix,N,,,,,,,
Britt P Shivers,Benedict U Daye,N,,,,,,,
Britt Shivers,Berna Z Stoller,N,,,,,,,
Bruna R Welke,Bernard A Harbert,N,,,,,,,
Bryan J Stampley,Bernard Harbert,N,,,,,,,
Bryan V Guyton,Bernard N Weatherly,N,,,,,,,
Bryanna Pyron,Bernarda E Gervais,N,,,,,,,
Bryant L Kinsman,Bernardina X Roesch,N,,,,,,,
Bryce B Edens,Bernardo I Garzon,N,,,,,,,
Buck Rancourt,Bernardo X Barbee,N,,,,,,,
Bud Kistner,Bert Q Lauritzen,N,,,,,,,
Bud L Lofgren,Bert S Kinkade,N,,,,,,,
Bud Lofgren,Bertha E Harbison,N,,,,,,,
Buddy G Steinbeck,Beryl Helsel,N,,,,,,,
Buddy W Lofgren,Bethann Marini,N,,,,,,,
Buford Q Giancola,Bill Tarkington,N,,,,,,,
Bula Reich,Billie Liang,N,,,,,,,
Burton C Jin,Birdie Savoy,N,,,,,,,
Caleb Luther,Blanch Y Mysliwiec,N,,,,,,,
Cameron A Chamberland,Bo E Curlee,N,,,,,,,
Cameron Chamberland,Bobbie P Chumley,N,,,,,,,
Cameron K Gratton,Bobbie Q Holbrook,N,,,,,,,
Candelaria Q Zajicek,Bobbie S Miner,N,,,,,,,
Carey J Sandlin,Bobbie X Schoenrock,N,,,,,,,
Carey N Mccready,Bong M Alvares,N,,,,,,,
Carl M Paddock,Bonny Poor,N,,,,,,,
Carlo B Ali,Bonny S Poor,N,,,,,,,
Carlos Banh,Boris A Mccown,N,,,,,,,
Carlton P Bose,Brad I Pattison,N,,,,,,,
Carlton P Mahurin,Bradford K Marlatt,N,,,,,,,
Carly L Sirianni,Brande Sevier,N,,,,,,,
Carmelia R Lattimer,Brendon J Camp,N,,,,,,,
Carmen F Barret,Brendon V Crowther,N,,,,,,,
Carmen U Benbow,Brent U Perlman,N,,,,,,,
Carmon A Howlett,Brenton U Boyett,N,,,,,,,
Carolina B Pasillas,Bret C Delancey,N,,,,,,,
Carrol Arend,Brett Z Vadnais,N,,,,,,,
Carrol O Arend,Bridget Rake,N,,,,,,,
Carter B Hilderbrand,Brigitte D Fendley,N,,,,,,,
Carter C Hunt,Britt P Shivers,N,,,,,,,
Casey D Krier,Britt Shivers,N,,,,,,,
Cassaundra K Polito,Bruna R Welke,N,,,,,,,
Cayla Mealy,Bryan J Stampley,N,,,,,,,
Cecil Teixeira,Bryan V Guyton,N,,,,,,,
Cedric N Cavallo,Bryanna Pyron,N,,,,,,,
Cedrick Engelhardt,Bryant L Kinsman,N,,,,,,,
Cedrick K Engelhardt,Bryce B Edens,N,,,,,,,
Cedrick M Cordle,Buck Rancourt,N,,,,,,,
Celesta L Reeser,Bud Kistner,N,,,,,,,
Celestine H Alderson,Bud L Lofgren,N,,,,,,,
Celinda C Magruder,Bud Lofgren,N,,,,,,,
Chadwick I Hargreaves,Buddy G Steinbeck,N,,,,,,,
Charity N Denman,Buddy W Lofgren,N,,,,,,,
Charles S Nicholes,Buford Q Giancola,N,,,,,,,
Charlie Moxley,Bula Reich,N,,,,,,,
Charlie V Koeller,Burton C Jin,N,,,,,,,
Chase J Paradise,Caleb Luther,N,,,,,,,
Chase Paradise,Cameron Chamberland,N,,,,,,,
Chase T Scurry,Cameron K Gratton,N,,,,,,,
Chau R Barron,Carey J Sandlin,N,,,,,,,
Chauncey Southerland,Carey N Mccready,N,,,,,,,
Chaya W Caudle,Carl M Paddock,N,,,,,,,
Chere Patchett,Carlo B Ali,N,,,,,,,
Cheree Lusk,Carlos Banh,N,,,,,,,
Chester N Sitz,Carlton P Bose,N,,,,,,,
Chi S Clopton,Carlton P Mahurin,N,,,,,,,
Ching D Applegate,Carly L Sirianni,N,,,,,,,
Chris Braggs,Carmelia R Lattimer,N,,,,,,,
Chrissy H Edmonson,Carmen F Barret,N,,,,,,,
Christena Kratz,Carmen U Benbow,N,,,,,,,
Christene Blakemore,Carmon A Howlett,N,,,,,,,
Christene F Blakemore,Carolin T Loya,N,,,,,,,
Christene L Mccaleb,Carolina B Pasillas,N,,,,,,,
Christi H Amaker,Carolynn V Moynihan,N,,,,,,,
Christoper K Manzano,Carrol Arend,N,,,,,,,
Chung J Moynihan,Carrol O Arend,N,,,,,,,
Cicely W Colton,Carter B Hilderbrand,N,,,,,,,
Cindie T Madden,Carter C Hunt,N,,,,,,,
Clara B Sifuentes,Casey D Krier,N,,,,,,,
Clarence Hinkson,Cassaundra K Polito,N,,,,,,,
Clarence J Hinkson,Cayla Mealy,N,,,,,,,
Claretta D Wingert,Cecil Teixeira,N,,,,,,,
Clark Spence,Cecily D Houser,N,,,,,,,
Claudio Q Bien,Cedrick Engelhardt,N,,,,,,,
Clemmie F Montague,Cedrick K Engelhardt,N,,,,,,,
Cleveland A Zinke,Cedrick M Cordle,N,,,,,,,
Cleveland Franko,Celesta L Reeser,N,,,,,,,
Cleveland W Franko,Celestine H Alderson,N,,,,,,,
Cliff Skipworth,Celinda C Magruder,N,,,,,,,
Clint Q Orear,Celine Baskin,N,,,,,,,
Clint Q Strayhorn,Chadwick I Hargreaves,N,,,,,,,
Clint Strayhorn,Charity N Denman,N,,,,,,,
Clinton Tschida,Charles S Nicholes,N,,,,,,,
Clotilde Mason,Charlie Moxley,N,,,,,,,
Clotilde X Mason,Charlie V Koeller,N,,,,,,,
Clyde P Ponton,Chase J Paradise,N,,,,,,,
Cole Dellinger,Chase Paradise,N,,,,,,,
Cole M Dellinger,Chase T Scurry,N,,,,,,,
Cole N Poling,Chau R Barron,N,,,,,,,
Colin V Likens,Chauncey Southerland,N,,,,,,,
Colleen B Lenihan,Chaya W Caudle,N,,,,,,,
Colton B Salzman,Chere Patchett,N,,,,,,,
Colton Salzman,Cheree Lusk,N,,,,,,,
Conrad R Saito,Chester N Sitz,N,,,,,,,
Conrad Saito,Chi S Clopton,N,,,,,,,
Cordell M Tweedy,Ching D Applegate,N,,,,,,,
Cordell Riche,Chris Braggs,N,,,,,,,
Cordia M Knopp,Chrissy H Edmonson,N,,,,,,,
Corey F Stowe,Christena Kratz,N,,,,,,,
Corina U Korhonen,Christene Blakemore,N,,,,,,,
Cortez F Espiritu,Christene L Mccaleb,N,,,,,,,
Coy I Gentner,Christi H Amaker,N,,,,,,,
Cristal Q Kucharski,Christoper K Manzano,N,,,,,,,
Cristi T Clem,Chung J Moynihan,N,,,,,,,
Crystal Comes,Cicely W Colton,N,,,,,,,
Crystal U Comes,Cindie T Madden,N,,,,,,,
Curtis E Quayle,Clara B Sifuentes,N,,,,,,,
Cyndy Ary,Clarence Hinkson,N,,,,,,,
Cyndy H Ary,Clarence J Hinkson,N,,,,,,,
Cythia I Stecker,Claretta D Wingert,N,,,,,,,
Daina U Ledet,Clark Spence,N,,,,,,,
Dale Childers,Claudio Q Bien,N,,,,,,,
Dale E Childers,Clemente S Wiechmann,N,,,,,,,
Damian F Mcgaughey,Clemmie F Montague,N,,,,,,,
Damian X Grist,Cleveland A Zinke,N,,,,,,,
Damien A Izquierdo,Cleveland Franko,N,,,,,,,
Dane Lawrence,Cleveland W Franko,N,,,,,,,
Danette A Kuykendall,Clint Q Orear,N,,,,,,,
Daniel L Nava,Clint Q Strayhorn,N,,,,,,,
Danilo Hammes,Clint Strayhorn,N,,,,,,,
Danilo S Hammes,Clinton Tschida,N,,,,,,,
Darcel P Burford,Clotilde Mason,N,,,,,,,
Darin Keitt,Clotilde X Mason,N,,,,,,,
Darin U Shipp,Clyde P Ponton,N,,,,,,,
Darren U Shoulders,Cole Dellinger,N,,,,,,,
Darron Tittle,Cole M Dellinger,N,,,,,,,
Darwin W Lemoine,Colin V Likens,N,,,,,,,
Davida A Funkhouser,Colleen B Lenihan,N,,,,,,,
Davis Z Gaylor,Colton B Salzman,N,,,,,,,
Dawna T Woodbury,Colton Salzman,N,,,,,,,
Dawne Y Gardner,Conrad R Saito,N,,,,,,,
Dayna M Edmondson,Conrad Saito,N,,,,,,,
Deandre U Groleau,Cordell M Tweedy,N,,,,,,,
Deane I Keown,Cordell Riche,N,,,,,,,
Debbie C Lipsey,Cordia M Knopp,N,,,,,,,
Debrah X Flury,Corey F Stowe,N,,,,,,,
Dee Joslyn,Corina U Korhonen,N,,,,,,,
Deeanna E Cluck,Cortez F Espiritu,N,,,,,,,
Delana I Selfridge,Coy I Gentner,N,,,,,,,
Delana Y Freedman,Cristal Q Kucharski,N,,,,,,,
Delfina O Day,Cristi T Clem,N,,,,,,,
Delphine P Carpio,Crystal Comes,N,,,,,,,
Delsie R Tennison,Crystal U Comes,N,,,,,,,
Demarcus Recio,Curtis E Quayle,N,,,,,,,
Denis T Yelle,Cyndy Ary,N,,,,,,,
Denis Y Fehr,Cyndy H Ary,N,,,,,,,
Dennis K Cayer,Cythia I Stecker,N,,,,,,,
Deon U Mounce,Daina U Ledet,N,,,,,,,
Derick A Macey,Dale Childers,N,,,,,,,
Derrick Culbreth,Dale E Childers,N,,,,,,,
Deshawn O Mankin,Damian F Mcgaughey,N,,,,,,,
Desirae D Ginn,Damian X Grist,N,,,,,,,
Desirae Ginn,Damien A Izquierdo,N,,,,,,,
Desiree L Sobel,Dane Lawrence,N,,,,,,,
Devin U Hales,Danette A Kuykendall,N,,,,,,,
Dewayne X Groom,Daniel L Nava,N,,,,,,,
Dian I Peachey,Danilo Hammes,N,,,,,,,
Digna Q Eck,Danilo S Hammes,N,,,,,,,
Dion K Taylor,Darcel P Burford,N,,,,,,,
Dion Taylor,Darin Keitt,N,,,,,,,
Don Southwick,Darin U Shipp,N,,,,,,,
Donald H Mazur,Darren U Shoulders,N,,,,,,,
Donald P Phaneuf,Darron Tittle,N,,,,,,,
Dong B Sturdevant,Darwin W Lemoine,N,,,,,,,
Dong Sturdevant,Davida A Funkhouser,N,,,,,,,
Donna R Woodrum,Davis Z Gaylor,N,,,,,,,
Donnell Babbitt,Dawna T Woodbury,N,,,,,,,
Donte H Granger,Dawne Y Gardner,N,,,,,,,
Donya G Rodden,Dayna M Edmondson,N,,,,,,,
Dorethea U Engram,Deandre U Groleau,N,,,,,,,
Doria Z Crouse,Deane I Keown,N,,,,,,,
Dorla G Westberry,Debbie C Lipsey,N,,,,,,,
Dorothea J Canterbury,Debrah X Flury,N,,,,,,,
Dorothy Gard,Deeanna E Cluck,N,,,,,,,
Dorothy Q Gard,Delana I Selfridge,N,,,,,,,
Dortha Z Harty,Delana Y Freedman,N,,,,,,,
Dottie D Hagaman,Delfina O Day,N,,,,,,,
Dottie Hagaman,Delphine P Carpio,N,,,,,,,
Doug B Southwick,Delsie R Tennison,N,,,,,,,
Douglas Cull,Demarcus Recio,N,,,,,,,
Dovie F Larue,Denis T Yelle,N,,,,,,,
Dovie Nickerson,Denis Y Fehr,N,,,,,,,
Dovie U Nickerson,Dennis K Cayer,N,,,,,,,
Doyle Grindstaff,Deon U Mounce,N,,,,,,,
Doyle N Utter,Derick A Macey,N,,,,,,,
Doyle T Grindstaff,Derrick Culbreth,N,,,,,,,
Doyle Utter,Deshawn O Mankin,N,,,,,,,
Drucilla Simkins,Desirae D Ginn,N,,,,,,,
Dudley G Slocum,Desirae Ginn,N,,,,,,,
Dudley Slocum,Desiree L Sobel,N,,,,,,,
Dulce Grizzard,Devin U Hales,N,,,,,,,
Duncan O Maheu,Dewayne X Groom,N,,,,,,,
Dustin Y Espey,Dian I Peachey,N,,,,,,,
Dusty L Kugler,Dion K Taylor,N,,,,,,,
Dwain O Upham,Dion Taylor,N,,,,,,,
Dwain Upham,Don Southwick,N,,,,,,,
Dwayne Marker,Donald H Mazur,N,,,,,,,
Dwayne W Marker,Donald P Phaneuf,N,,,,,,,
Earlean Funke,Dong B Sturdevant,N,,,,,,,
Earlean Y Funke,Dong Sturdevant,N,,,,,,,
Earnest H Birkholz,Donna R Woodrum,N,,,,,,,
Eartha Z Oceguera,Donnell Babbitt,N,,,,,,,
Ed Shockley,Donte H Granger,N,,,,,,,
Ed X Shockley,Donya G Rodden,N,,,,,,,
Eda O Brase,Dorethea U Engram,N,,,,,,,
Edgar Teer,Doria Z Crouse,N,,,,,,,
Edmund K Masuda,Dorla G Westberry,N,,,,,,,
Edmundo R Rew,Dorothea J Canterbury,N,,,,,,,
Edra M Guthrie,Dorothy Gard,N,,,,,,,
Effie Jelinek,Dorothy Q Gard,N,,,,,,,
Efrain L Wass,Dortha Z Harty,N,,,,,,,
Efrain Moats,Dottie D Hagaman,N,,,,,,,
Efren G Ager,Dottie Hagaman,N,,,,,,,
Ela K Hames,Doug B Southwick,N,,,,,,,
Eladia A Braggs,Douglas Cull,N,,,,,,,
Elaine B Randazzo,Dovie F Larue,N,,,,,,,
Eldridge B Bose,Dovie Nickerson,N,,,,,,,
Eldridge Bose,Dovie U Nickerson,N,,,,,,,
Eldridge M Benningfield,Doyle Grindstaff,N,,,,,,,
Eleanor D Dickson,Doyle N Utter,N,,,,,,,
Eleanora Farthing,Doyle T Grindstaff,N,,,,,,,
Elease H Burger,Drucilla Simkins,N,,,,,,,
Elenor B Gibbs,Dudley G Slocum,N,,,,,,,
Elenora S Whitehill,Dudley Slocum,N,,,,,,,
Elenora V Halley,Dulce Grizzard,N,,,,,,,
Eleonora Pollard,Duncan O Maheu,N,,,,,,,
Eleonora S Pollard,Dustin Y Espey,N,,,,,,,
Elias Pinkard,Dusty L Kugler,N,,,,,,,
Elias Y Pinkard,Dwain O Upham,N,,,,,,,
Elijah P Elkin,Dwain Upham,N,,,,,,,
Elijah X Ahmad,Dwayne Marker,N,,,,,,,
Eliz R Linneman,Dwayne W Marker,N,,,,,,,
Elliott Chess,Earlean Funke,N,,,,,,,
Ellis J Mccune,Earlean Y Funke,N,,,,,,,
Ellis V Mcneel,Earnest H Birkholz,N,,,,,,,
Elmo G Pagano,Eartha Z Oceguera,N,,,,,,,
Elois Z Ono,Ed Shockley,N,,,,,,,
Eloise Demoss,Ed X Shockley,N,,,,,,,
Eloise Z Demoss,Eda O Brase,N,,,,,,,
Elroy Kimbler,Edgar Teer,N,,,,,,,
Elroy L Shorts,Edmund K Masuda,N,,,,,,,
Elroy N Kimbler,Edmundo R Rew,N,,,,,,,
Elsie S Depaz,Edra M Guthrie,N,,,,,,,
Elsy Beyer,Effie Jelinek,N,,,,,,,
Elvis J Stroh,Efrain L Wass,N,,,,,,,
Elvis Stroh,Efrain Moats,N,,,,,,,
Elvis Veiga,Efren G Ager,N,,,,,,,
Elwood T More,Eladia A Braggs,N,,,,,,,
Emeline I Richer,Elaine B Randazzo,N,,,,,,,
Emery P Sorrells,Eldridge Bose,N,,,,,,,
Emiko Z Lolley,Eldridge M Benningfield,N,,,,,,,
Emile Aponte,Eleanor D Dickson,N,,,,,,,
Emma Dice,Eleanora Farthing,N,,,,,,,
Emma Monti,Elease H Burger,N,,,,,,,
Emma X Monti,Elenor B Gibbs,N,,,,,,,
Emmanuel G Chamorro,Elenora S Whitehill,N,,,,,,,
Emmitt X Plante,Elenora V Halley,N,,,,,,,
Employees,Eleonora Pollard,N,,,,,,,
Ena Mullins,Eleonora S Pollard,N,,,,,,,
Ena Thor,Elias Pinkard,N,,,,,,,
Enda Kirchner,Elias Y Pinkard,N,,,,,,,
Eric C Irvine,Elijah P Elkin,N,,,,,,,
Erica S Harlan,Elijah X Ahmad,N,,,,,,,
Erik W Steffen,Eliz R Linneman,N,,,,,,,
Erin K Stclair,Elliott Chess,N,,,,,,,
Erin L Jasmin,Ellis J Mccune,N,,,,,,,
Ernestine E Fludd,Ellis V Mcneel,N,,,,,,,
Ernestine Fludd,Elmo G Pagano,N,,,,,,,
Esmeralda N Veliz,Elois Z Ono,N,,,,,,,
Estella E Miley,Eloise Demoss,N,,,,,,,
Etsuko O Wilmot,Eloise Z Demoss,N,,,,,,,
Ettie S Stilwell,Elroy Kimbler,N,,,,,,,
Eveline B Strecker,Elroy L Shorts,N,,,,,,,
Evon Q Lawson,Elroy N Kimbler,N,,,,,,,
Ewa B Staples,Elsie S Depaz,N,,,,,,,
Exie C Bradham,Elsy Beyer,N,,,,,,,
Ezequiel N Shell,Elvis Stroh,N,,,,,,,
Ezra Calvert,Elwood T More,N,,,,,,,
Fabian Say,Emeline I Richer,N,,,,,,,
Faustino Scheffel,Emery P Sorrells,N,,,,,,,
Fawn Buckman,Emiko Z Lolley,N,,,,,,,
Fe A Schrock,Emile Aponte,N,,,,,,,
Federico B Edmond,Emma Dice,N,,,,,,,
Federico Edmond,Emma Monti,N,,,,,,,
Federico I Carlile,Emma X Monti,N,,,,,,,
Felisha Q Ettinger,Emmanuel G Chamorro,N,,,,,,,
Felix S Croker,Emmitt X Plante,N,,,,,,,
Femi Grek,Employees,N,,,,,,,
Ferdinand Ramsdell,Ena Mullins,N,,,,,,,
Fermin L Zapata,Ena Thor,N,,,,,,,
Fernando Korhonen,Enda Kirchner,N,,,,,,,
Forest Z Blewett,Eric C Irvine,N,,,,,,,
Forest Z Hacker,Erica S Harlan,N,,,,,,,
Forrest Q Zell,Erik W Steffen,N,,,,,,,
Francis O Encarnacion,Erin K Stclair,N,,,,,,,
Frank O Mallon,Erin L Jasmin,N,,,,,,,
Frankie I Speed,Ernestine E Fludd,N,,,,,,,
Franklyn V Hummell,Ernestine Fludd,N,,,,,,,
Freddie C Headen,Esmeralda N Veliz,N,,,,,,,
Freddy A Rolling,Estella E Miley,N,,,,,,,
Freddy Rolling,Etsuko O Wilmot,N,,,,,,,
Fredericka J Varney,Ettie S Stilwell,N,,,,,,,
Gabriel E Pearsall,Eveline B Strecker,N,,,,,,,
Gabriel S Beale,Evon Q Lawson,N,,,,,,,
Galina G Woodbury,Ewa B Staples,N,,,,,,,
Garland J Verville,Exie C Bradham,N,,,,,,,
Garland Z Leavell,Ezequiel N Shell,N,,,,,,,
Garret Flakes,Ezra Calvert,N,,,,,,,
Garrett Nolette,Fabian Say,N,,,,,,,
Gavin V Mckillip,Faustino Scheffel,N,,,,,,,
Gearldine Stolte,Fawn Buckman,N,,,,,,,
Gema S Grover,Fe A Schrock,N,,,,,,,
Gemma I Chilton,Federico B Edmond,N,,,,,,,
Genaro Lukasik,Federico Edmond,N,,,,,,,
George U Clouser,Federico I Carlile,N,,,,,,,
Georgiann C Harrell,Felisha Q Ettinger,N,,,,,,,
Georgiann Harrell,Felix S Croker,N,,,,,,,
Gerardo Q Bergen,Femi Grek,N,,,,,,,
Geri M Tuthill,Ferdinand Ramsdell,N,,,,,,,
Gerry D Woolery,Fermin L Zapata,N,,,,,,,
Gerry Harvey,Fernando Korhonen,N,,,,,,,
Gerry X Koh,Forest Z Blewett,N,,,,,,,
Gertrud B Glidden,Forest Z Hacker,N,,,,,,,
Gertrud Glidden,Forrest Q Zell,N,,,,,,,
Gia M Casas,Francis O Encarnacion,N,,,,,,,
Gidget X Loring,Frank O Mallon,N,,,,,,,
Gilbert M Wolfgram,Frankie I Speed,N,,,,,,,
Gilbert Z Bloss,Franklyn V Hummell,N,,,,,,,
Gilberto U Greaves,Freddie C Headen,N,,,,,,,
Giovanna M Clift,Freddy A Rolling,N,,,,,,,
Giuseppe D Chouinard,Freddy Rolling,N,,,,,,,
Giuseppina Dagostino,Fredericka J Varney,N,,,,,,,
Giuseppina E Fink,Gabriel S Beale,N,,,,,,,
Giuseppina N Dagostino,Galina G Woodbury,N,,,,,,,
Glady Q Kump,Garland J Verville,N,,,,,,,
Glenn N Vinyard,Garland Z Leavell,N,,,,,,,
Glenn Vinyard,Garret Flakes,N,,,,,,,
Gracie P Lett,Gavin V Mckillip,N,,,,,,,
Grady Y Perera,Gearldine Stolte,N,,,,,,,
Graham O Romeo,Gema S Grover,N,,,,,,,
Gregorio H Hottinger,Gemma I Chilton,N,,,,,,,
Gregory I Kidwell,Genaro Lukasik,N,,,,,,,
Grisel R Whitty,George U Clouser,N,,,,,,,
Grisel Sutton,Georgiann C Harrell,N,,,,,,,
Grover Mcgahey,Georgiann Harrell,N,,,,,,,
Guillermo X Schwan,Gerardo Q Bergen,N,,,,,,,
Gustavo F Rouse,Geri M Tuthill,N,,,,,,,
Guy S Troy,Gerry D Woolery,N,,,,,,,
Gwyn E Etzel,Gerry Harvey,N,,,,,,,
Gwyn Etzel,Gerry X Koh,N,,,,,,,
Gwyn I Parish,Gertrud B Glidden,N,,,,,,,
Gwyn N Mitzel,Gertrud Glidden,N,,,,,,,
Hai Y Arden,Gia M Casas,N,,,,,,,
Hal K Kells,Gidget X Loring,N,,,,,,,
Hal Kells,Gilbert M Wolfgram,N,,,,,,,
Haley G Bova,Gilbert Z Bloss,N,,,,,,,
Hannah K Ma,Gilberto U Greaves,N,,,,,,,
Hans G Koh,Giovanna M Clift,N,,,,,,,
Harland S Renshaw,Giuseppe D Chouinard,N,,,,,,,
Harriett A Mccurry,Giuseppina Dagostino,N,,,,,,,
Hassan Radabaugh,Giuseppina E Fink,N,,,,,,,
Hayden E Novack,Giuseppina N Dagostino,N,,,,,,,
Hayden J Jang,Glady Q Kump,N,,,,,,,
Heath Aikin,Glenn N Vinyard,N,,,,,,,
Heath Fell,Glenn Vinyard,N,,,,,,,
Heath K Fell,Gracie P Lett,N,,,,,,,
Herb B Irving,Grady Y Perera,N,,,,,,,
Heriberto Rollo,Graham O Romeo,N,,,,,,,
Heriberto Starkey,Gregorio H Hottinger,N,,,,,,,
Heriberto Y Starkey,Gregory I Kidwell,N,,,,,,,
Herlinda U Negron,Grisel Sutton,N,,,,,,,
Hermila X Crosslin,Grover Mcgahey,N,,,,,,,
Hester B Cabana,Guillermo X Schwan,N,,,,,,,
Hettie S Lauber,Gustavo F Rouse,N,,,,,,,
Hiram K Stokely,Guy S Troy,N,,,,,,,
Holley M Cathcart,Gwyn E Etzel,N,,,,,,,
Holli G Ethridge,Gwyn Etzel,N,,,,,,,
Hollis Z Carr,Gwyn I Parish,N,,,,,,,
Homer Hollowell,Gwyn N Mitzel,N,,,,,,,
Honey D Eaves,Hai Y Arden,N,,,,,,,
Hong M Townson,Hal K Kells,N,,,,,,,
Horace Hobart,Hal Kells,N,,,,,,,
Horacio S Salazar,Haley G Bova,N,,,,,,,
Hosea B Michelson,Hannah K Ma,N,,,,,,,
Houston K Joe,Hans G Koh,N,,,,,,,
Hoyt O Reiss,Harriett A Mccurry,N,,,,,,,
Hubert L Kirkland,Hassan Radabaugh,N,,,,,,,
Hugh N Chavira,Hayden E Novack,N,,,,,,,
Hui Bizzell,Hayden J Jang,N,,,,,,,
Hui E Bizzell,Heath Aikin,N,,,,,,,
Hung H Nicola,Heath Fell,N,,,,,,,
Hyun M Gloss,Heath K Fell,N,,,,,,,
Hyun Z Bynoe,Herb B Irving,N,,,,,,,
Iliana Fogle,Heriberto Rollo,N,,,,,,,
Iliana M Fogle,Heriberto Starkey,N,,,,,,,
Ilse X Harr,Heriberto Y Starkey,N,,,,,,,
Ingeborg Z Weisser,Herlinda U Negron,N,,,,,,,
Inger Gillan,Hermila X Crosslin,N,,,,,,,
Irene Ellerbee,Hester B Cabana,N,,,,,,,
Irving C Pillar,Hettie S Lauber,N,,,,,,,
Irwin River,Hiram K Stokely,N,,,,,,,
Isaac O Dempster,Holley M Cathcart,N,,,,,,,
Isaac Tsan,Holli G Ethridge,N,,,,,,,
Isabella X Russell,Hollis Z Carr,N,,,,,,,
Isaiah G Parrish,Homer Hollowell,N,,,,,,,
Isaiah Y Magwood,Horace Hobart,N,,,,,,,
Isiah S Coppock,Horacio S Salazar,N,,,,,,,
Isiah Wilkie,Hosea B Michelson,N,,,,,,,
Isis F Hash,Houston K Joe,N,,,,,,,
Isis N Rufus,Hoyt O Reiss,N,,,,,,,
Isobel K Dance,Hubert L Kirkland,N,,,,,,,
Israel T Hertzler,Hugh N Chavira,N,,,,,,,
Isreal F Metoyer,Hui Bizzell,N,,,,,,,
Isreal Metoyer,Hui E Bizzell,N,,,,,,,
Ivan A Groner,Hung H Nicola,N,,,,,,,
Izetta B Alford,Hyun M Gloss,N,,,,,,,
Izola E Ye,Hyun Z Bynoe,N,,,,,,,
Jacinda X Michalec,Iliana Fogle,N,,,,,,,
Jacinta Y Cheney,Iliana M Fogle,N,,,,,,,
Jack J Warfel,Ilse X Harr,N,,,,,,,
Jack Partin,Ingeborg Z Weisser,N,,,,,,,
Jackie P Montague,Inger Gillan,N,,,,,,,
Jackie Sachs,Irene Ellerbee,N,,,,,,,
Jae B Isabell,Irving C Pillar,N,,,,,,,
Jaleesa I Averett,Irwin River,N,,,,,,,
Jamaal Resto,Isaac O Dempster,N,,,,,,,
Jamal G Dimarco,Isaac Tsan,N,,,,,,,
Jamey S Seim,Isabella X Russell,N,,,,,,,
Jamison Crutchfield,Isaiah G Parrish,N,,,,,,,
Jamison U Crutchfield,Isaiah Y Magwood,N,,,,,,,
Janean A Tyler,Isiah S Coppock,N,,,,,,,
Janessa M Drennen,Isiah Wilkie,N,,,,,,,
Jaquelyn C Holzman,Isis F Hash,N,,,,,,,
Jarred C Class,Isis N Rufus,N,,,,,,,
Jarred Class,Isobel K Dance,N,,,,,,,
Jason V Gravois,Israel T Hertzler,N,,,,,,,
Jasper P Barnaby,Isreal F Metoyer,N,,,,,,,
Jayme B Shimer,Isreal Metoyer,N,,,,,,,
Jazmin Wheless,Ivan A Groner,N,,,,,,,
Jc Meyers,Izetta B Alford,N,,,,,,,
Jc S Meyers,Izola E Ye,N,,,,,,,
Jeanetta N Norden,Jacinda X Michalec,N,,,,,,,
Jeanna U Li,Jacinta Y Cheney,N,,,,,,,
Jeff Mallon,Jack J Warfel,N,,,,,,,
Jeff W Zacarias,Jack Partin,N,,,,,,,
Jefferey Folkerts,Jackie P Montague,N,,,,,,,
Jefferson N Thurman,Jackie Sachs,N,,,,,,,
Jeffery A Brafford,Jae B Isabell,N,,,,,,,
Jeffrey Berg,Jaleesa I Averett,N,,,,,,,
Jenell S Sauers,Jamaal Resto,N,,,,,,,
Jennefer Ours,Jamal G Dimarco,N,,,,,,,
Jenni Olguin,Jamey S Seim,N,,,,,,,
Jennifer Z Pridgen,Jamison Crutchfield,N,,,,,,,
Jeramy F Metoyer,Jamison U Crutchfield,N,,,,,,,
Jeramy T Londono,Janean A Tyler,N,,,,,,,
Jeremiah Harriss,Janessa M Drennen,N,,,,,,,
Jeremiah N Curran,Jaquelyn C Holzman,N,,,,,,,
Jeremy Belew,Jarred C Class,N,,,,,,,
Jerome P Whitefield,Jarred Class,N,,,,,,,
Jerome Spangler,Jason V Gravois,N,,,,,,,
Jerome Whitefield,Jasper P Barnaby,N,,,,,,,
Jerrell Mcfarlin,Jayme B Shimer,N,,,,,,,
Jerri Dunkle,Jazmin Wheless,N,,,,,,,
Jesus E Mclelland,Jc Meyers,N,,,,,,,
Jesus H Guillen,Jc S Meyers,N,,,,,,,
Jesus Tafolla,Jeanetta N Norden,N,,,,,,,
Jewel R Willhite,Jeanna U Li,N,,,,,,,
Jillian Harry,Jeff E Lucero,N,,,,,,,
Jim J Lurie,Jeff Mallon,N,,,,,,,
Jimmie A Rorie,Jeff W Zacarias,N,,,,,,,
Jimmie Esqueda,Jefferey Folkerts,N,,,,,,,
Jimmie F Vasquez,Jefferson N Thurman,N,,,,,,,
Jimmy Canaday,Jeffery A Brafford,N,,,,,,,
Joanie N Folkerts,Jeffrey Berg,N,,,,,,,
Joanna Deforest,Jenell S Sauers,N,,,,,,,
Joanna H Deforest,Jeneva Y Bybee,N,,,,,,,
Joanna M Sandefur,Jennefer Ours,N,,,,,,,
Joannie E Wolters,Jennifer Z Pridgen,N,,,,,,,
Joaquin Vaz,Jeramy F Metoyer,N,,,,,,,
Jocelyn Q Scotti,Jeramy T Londono,N,,,,,,,
Jody K Rude,Jeremiah Harriss,N,,,,,,,
Jody Slavens,Jeremiah N Curran,N,,,,,,,
Joel S Maine,Jeremy Belew,N,,,,,,,
Joesph Y Shrout,Jerlene P Dunnigan,N,,,,,,,
Johnie Centers,Jerome P Whitefield,N,,,,,,,
Johnie V Centers,Jerome Spangler,N,,,,,,,
Jolanda L Dewees,Jerome Whitefield,N,,,,,,,
Joleen H Chea,Jerrell Mcfarlin,N,,,,,,,
Joline Frisby,Jerri Dunkle,N,,,,,,,
Jong Borchers,Jesus E Mclelland,N,,,,,,,
Jong U Borchers,Jesus H Guillen,N,,,,,,,
Jordan D Phu,Jesus Tafolla,N,,,,,,,
Jorge R Coghlan,Jewel R Willhite,N,,,,,,,
Jose P Tubbs,Jillian Harry,N,,,,,,,
Josette Betancourt,Jim J Lurie,N,,,,,,,
Josette R Betancourt,Jimmie A Rorie,N,,,,,,,
Josiah R Gutierres,Jimmie Esqueda,N,,,,,,,
Josie Hofman,Jimmie F Vasquez,N,,,,,,,
Judith D Gourdine,Jimmy Canaday,N,,,,,,,
Judith Gourdine,Joanie N Folkerts,N,,,,,,,
Judson Y Hodson,Joanna Deforest,N,,,,,,,
Jules Shugart,Joanna H Deforest,N,,,,,,,
Julio Bryce,Joanna M Sandefur,N,,,,,,,
Julio Dockery,Joannie E Wolters,N,,,,,,,
Julio P Bryce,Joaquin Vaz,N,,,,,,,
Julio P Dockery,Jody Slavens,N,,,,,,,
Julius N Bakker,Joel S Maine,N,,,,,,,
Junita Huhn,Joesph Y Shrout,N,,,,,,,
Junita Y Huhn,Johnie Centers,N,,,,,,,
Kaci Whitacre,Johnie V Centers,N,,,,,,,
Kacy Cairns,Jolanda L Dewees,N,,,,,,,
Kali Kennamer,Joleen H Chea,N,,,,,,,
Kandis Owenby,Joline Frisby,N,,,,,,,
Karie Renninger,Jon Behler,N,,,,,,,
Karima Metivier,Jong Borchers,N,,,,,,,
Karisa B Glidewell,Jong U Borchers,N,,,,,,,
Karisa Glidewell,Jordan D Phu,N,,,,,,,
Karl O Langlinais,Jorge R Coghlan,N,,,,,,,
Karlene L Mckean,Jose P Tubbs,N,,,,,,,
Kasi Blakeslee,Josette Betancourt,N,,,,,,,
Kassie Akers,Josette R Betancourt,N,,,,,,,
Kassie Q Binder,Josiah R Gutierres,N,,,,,,,
Kate O Paull,Josie Hofman,N,,,,,,,
Katelin F Coney,Judith D Gourdine,N,,,,,,,
Katheryn Holtzclaw,Judith Gourdine,N,,,,,,,
Katia Foran,Judson Y Hodson,N,,,,,,,
Katie N Kinnison,Jules Shugart,N,,,,,,,
Keenan W Spruell,Julio Bryce,N,,,,,,,
Keila A Lucas,Julio Dockery,N,,,,,,,
Keila F Lofland,Julio P Bryce,N,,,,,,,
Keira Till,Julio P Dockery,N,,,,,,,
Keith B Macha,Julius N Bakker,N,,,,,,,
Keith E Moyes,Junita Huhn,N,,,,,,,
Keith Q Ofarrell,Junita Y Huhn,N,,,,,,,
Keitha Foran,Kaci Whitacre,N,,,,,,,
Kellee L Gravelle,Kacy Cairns,N,,,,,,,
Kendrick Burchette,Kali Kennamer,N,,,,,,,
Kenneth Lucius,Kandis Owenby,N,,,,,,,
Kenton Villalta,Karie Renninger,N,,,,,,,
Kermit L Mcphail,Karima Metivier,N,,,,,,,
Kermit Mcphail,Karisa B Glidewell,N,,,,,,,
Kerri Y Card,Karisa Glidewell,N,,,,,,,
Keven A Jewell,Karl O Langlinais,N,,,,,,,
Keven Bingham,Karlene L Mckean,N,,,,,,,
Keven F Bingham,Kasi Blakeslee,N,,,,,,,
Keven H Araiza,Kassie Akers,N,,,,,,,
Khalilah A Campo,Kate O Paull,N,,,,,,,
Kiara G Abrahamson,Katelin F Coney,N,,,,,,,
Kiara T Martinez,Katheryn Holtzclaw,N,,,,,,,
Kieth D Castelli,Katia Foran,N,,,,,,,
Kieth G Coney,Kaye Tubbs,N,,,,,,,
Kimberlee J Hawkins,Keenan W Spruell,N,,,,,,,
Kimberly Duquette,Keila F Lofland,N,,,,,,,
Kimberly K Carr,Keira Till,N,,,,,,,
Kindra V Cruickshank,Keith B Macha,N,,,,,,,
Kirby W Estrella,Keith E Moyes,N,,,,,,,
Kirstie Macey,Keith Q Ofarrell,N,,,,,,,
Kirstie W Macey,Keitha Foran,N,,,,,,,
Kitty S Sickles,Kellee L Gravelle,N,,,,,,,
Kizzy W Brazelton,Kendrick Burchette,N,,,,,,,
Korey I Garrity,Kendrick C Burchette,N,,,,,,,
Korey U Eddington,Kenneth Lucius,N,,,,,,,
Kori J Fairfax,Kenton Villalta,N,,,,,,,
Kraig P Brownfield,Kermit L Mcphail,N,,,,,,,
Kris Bice,Kermit Mcphail,N,,,,,,,
Kris L Bice,Kerri Y Card,N,,,,,,,
Krishna G Raby,Keven A Jewell,N,,,,,,,
Krissy S Valazquez,Keven Bingham,N,,,,,,,
Kristal F Bickford,Keven F Bingham,N,,,,,,,
Kristen A Beauchemin,Keven H Araiza,N,,,,,,,
Kristie E Jain,Khalilah A Campo,N,,,,,,,
Kristle D Figgs,Kiara G Abrahamson,N,,,,,,,
Kristofer N Calahan,Kiara T Martinez,N,,,,,,,
Kristofer Y Fizer,Kieth D Castelli,N,,,,,,,
Kristopher Alejos,Kieth G Coney,N,,,,,,,
Kurtis C Irons,Kimberly Duquette,N,,,,,,,
Lacy Deshotel,Kimberly K Carr,N,,,,,,,
Lacy Q Deshotel,Kindra V Cruickshank,N,,,,,,,
Lakenya Z Mccroskey,Kirby W Estrella,N,,,,,,,
Lala C Marquez,Kirstie Macey,N,,,,,,,
Lala R Denman,Kirstie W Macey,N,,,,,,,
Lamar A Partida,Kitty S Sickles,N,,,,,,,
Lamar L Legg,Kizzy W Brazelton,N,,,,,,,
Lamar W Estill,Korey I Garrity,N,,,,,,,
Lamont J Brescia,Korey U Eddington,N,,,,,,,
Lance Pennington,Kori J Fairfax,N,,,,,,,
Lanelle W Berlanga,Kraig P Brownfield,N,,,,,,,
Larisa Still,Kris Bice,N,,,,,,,
Larisa X Strauss,Kris L Bice,N,,,,,,,
Larry Osby,Krishna G Raby,N,,,,,,,
Lashaunda Y Munden,Krissy S Valazquez,N,,,,,,,
Latanya C Law,Kristal F Bickford,N,,,,,,,
Latia Gleaton,Kristen A Beauchemin,N,,,,,,,
Latrice Kirch,Kristie E Jain,N,,,,,,,
Launa N Kohl,Kristle D Figgs,N,,,,,,,
Lauren O Guzzi,Kristofer N Calahan,N,,,,,,,
Lauren R Hennessy,Kristofer Y Fizer,N,,,,,,,
Laurence K Ryles,Kurtis C Irons,N,,,,,,,
Laurinda Dinh,Kylie K Freda,N,,,,,,,
Lavada Maldanado,Lacy Deshotel,N,,,,,,,
Lavada W Maldanado,Lacy Q Deshotel,N,,,,,,,
Lavette P Cheney,Lakenya Z Mccroskey,N,,,,,,,
Lawerence W Abernethy,Lala C Marquez,N,,,,,,,
Leanna X Tibbetts,Lala R Denman,N,,,,,,,
Leda X Haskell,Lamar A Partida,N,,,,,,,
Leda Y Fabre,Lamar L Legg,N,,,,,,,
Leif Harness,Lamont J Brescia,N,,,,,,,
Leif Y Harness,Lance Pennington,N,,,,,,,
Leigh Y Haws,Lanelle W Berlanga,N,,,,,,,
Leland C Fifield,Larisa X Strauss,N,,,,,,,
Leland David,Larry Osby,N,,,,,,,
Lemuel V Darden,Lashaunda Y Munden,N,,,,,,,
Lemuel W Hardman,Latanya C Law,N,,,,,,,
Lenny U Rister,Latrice Kirch,N,,,,,,,
Leonel S Yuan,Lauren O Guzzi,N,,,,,,,
Leonia Y Derosier,Lauren R Hennessy,N,,,,,,,
Leonore Reason,Laurence K Ryles,N,,,,,,,
Leopoldo U Hole,Laurinda Dinh,N,,,,,,,
Leroy H Styron,Lavada Maldanado,N,,,,,,,
Les Priolo,Lavada W Maldanado,N,,,,,,,
Les V Bejarano,Lavette P Cheney,N,,,,,,,
Les V Gran,Lawerence W Abernethy,N,,,,,,,
Lesha K Cai,Leanna X Tibbetts,N,,,,,,,
Lesley Macpherson,Leda X Haskell,N,,,,,,,
Leslie I Stolte,Leda Y Fabre,N,,,,,,,
Leslie Stolte,Leif Harness,N,,,,,,,
Lester Coldiron,Leif Y Harness,N,,,,,,,
Letha L Apel,Leigh Y Haws,N,,,,,,,
Leticia V Lewandowski,Leland C Fifield,N,,,,,,,
Lewis M Racette,Leland David,N,,,,,,,
Lezlie Z Bohannan,Lemuel V Darden,N,,,,,,,
Lia J Liner,Lemuel W Hardman,N,,,,,,,
Lia Liner,Leonel S Yuan,N,,,,,,,
Liana T Quesenberry,Leonia Y Derosier,N,,,,,,,
Liane U Grafton,Leonore Reason,N,,,,,,,
Lianne M Sweeney,Leopoldo U Hole,N,,,,,,,
Lianne Sweeney,Leroy H Styron,N,,,,,,,
Liberty A Shroyer,Les Priolo,N,,,,,,,
Lidia Kuiper,Les V Bejarano,N,,,,,,,
Lidia S Gerling,Les V Gran,N,,,,,,,
Ligia Hoeft,Lesha K Cai,N,,,,,,,
Lilli Tartt,Lesley Macpherson,N,,,,,,,
Lincoln D Cauley,Leslie I Stolte,N,,,,,,,
Lincoln D Demaria,Leslie Stolte,N,,,,,,,
Lincoln Demaria,Lester Coldiron,N,,,,,,,
Lindsey W Whittle,Letha L Apel,N,,,,,,,
Lindy M Reel,Leticia V Lewandowski,N,,,,,,,
Linette Q Menard,Lewis M Racette,N,,,,,,,
Linh U Ashton,Lezlie Z Bohannan,N,,,,,,,
Linn Plummer,Lia J Liner,N,,,,,,,
Lino M Lizarraga,Lia Liner,N,,,,,,,
Linsey P Orsini,Liana T Quesenberry,N,,,,,,,
Linwood H Carter,Liane U Grafton,N,,,,,,,
Linwood J Franqui,Lianne M Sweeney,N,,,,,,,
Lisa C Sheridan,Lianne Sweeney,N,,,,,,,
Lisette F Cowley,Liberty A Shroyer,N,,,,,,,
Liz R Lomonaco,Lidia Kuiper,N,,,,,,,
Lizzette G Moyle,Lidia S Gerling,N,,,,,,,
Lizzette Moyle,Ligia Hoeft,N,,,,,,,
Lizzie D Ratcliff,Lilli Tartt,N,,,,,,,
Logan D Berryman,Lincoln D Cauley,N,,,,,,,
Lois Cozad,Lincoln D Demaria,N,,,,,,,
Lona T Collar,Lincoln Demaria,N,,,,,,,
Londa Petrey,Lindsey W Whittle,N,,,,,,,
Londa T Maya,Lindy M Reel,N,,,,,,,
Loraine Barnes,Linette Q Menard,N,,,,,,,
Loralee V Ball,Linh U Ashton,N,,,,,,,
Loren I Casady,Linn Plummer,N,,,,,,,
Loren Isaac,Lino M Lizarraga,N,,,,,,,
Lorette Y Petrillo,Linsey P Orsini,N,,,,,,,
Lorri Garney,Linwood H Carter,N,,,,,,,
Lorriane P Ho,Linwood J Franqui,N,,,,,,,
Lottie Bonin,Lisa C Sheridan,N,,,,,,,
Lottie G Bonin,Lisette F Cowley,N,,,,,,,
Lou Baine,Liz R Lomonaco,N,,,,,,,
Louann X Sakamoto,Lizzette G Moyle,N,,,,,,,
Love G Lent,Lizzette Moyle,N,,,,,,,
Lowell Demmer,Lizzie D Ratcliff,N,,,,,,,
Lucas Funes,Logan D Berryman,N,,,,,,,
Lucas P Funes,Lois Cozad,N,,,,,,,
Luciana N Campfield,Lona T Collar,N,,,,,,,
Lucienne U Clyne,Londa Petrey,N,,,,,,,
Lucinda Z Borton,Londa T Maya,N,,,,,,,
Lucius C Moorhead,Loraine Barnes,N,,,,,,,
Lucy Reiser,Loralee V Ball,N,,,,,,,
Luella W Kemmerer,Loren I Casady,N,,,,,,,
Luigi G Lembo,Loren Isaac,N,,,,,,,
Luke S Tumlin,Lorette Y Petrillo,N,,,,,,,
Lyla Donald,Lorri Garney,N,,,,,,,
Lyla Q Donald,Lottie Bonin,N,,,,,,,
Lyn Q Tso,Lottie G Bonin,N,,,,,,,
Lyn Tso,Lou Baine,N,,,,,,,
Lyndon Dunkley,Louann X Sakamoto,N,,,,,,,
Lynn M Blocher,Love G Lent,N,,,,,,,
Lynwood Durfee,Lowell Demmer,N,,,,,,,
Lynwood Q Durfee,Lucas Funes,N,,,,,,,
Mac Lineberry,Lucas P Funes,N,,,,,,,
Mac U Palmquist,Luciana N Campfield,N,,,,,,,
Mac V Lineberry,Lucienne U Clyne,N,,,,,,,
Madalene J Martine,Lucinda Z Borton,N,,,,,,,
Madelyn W Boos,Lucius C Moorhead,N,,,,,,,
Magaly Mcneel,Lucy Reiser,N,,,,,,,
Magaly U Mcneel,Luella W Kemmerer,N,,,,,,,
Maire Mair,Luigi G Lembo,N,,,,,,,
Malcolm Y Bonaparte,Luke S Tumlin,N,,,,,,,
Malcom Darrah,Lyla Donald,N,,,,,,,
Malcom L Meister,Lyla Q Donald,N,,,,,,,
Man W Bean,Lyn Q Tso,N,,,,,,,
Mandy Lavalley,Lyndon Dunkley,N,,,,,,,
Mandy W Lavalley,Lynn M Blocher,N,,,,,,,
Marcell T Farias,Lynwood Durfee,N,,,,,,,
Marcella Mapp,Lynwood Q Durfee,N,,,,,,,
Marcella Z Mapp,Mac Lineberry,N,,,,,,,
Marcellus H Macintyre,Mac U Palmquist,N,,,,,,,
Marcellus Jalbert,Mac V Lineberry,N,,,,,,,
Marco J Desilva,Mack L Lykes,N,,,,,,,
Marg Dunfee,Madalene J Martine,N,,,,,,,
Margarett E Mulford,Madelyn W Boos,N,,,,,,,
Margarite E Blalock,Magaly Mcneel,N,,,,,,,
Margarito M Oxendine,Magaly U Mcneel,N,,,,,,,
Margarito O Retana,Maire Mair,N,,,,,,,
Margarito Retana,Malcolm Y Bonaparte,N,,,,,,,
Marget Dials,Malcom Darrah,N,,,,,,,
Margit E Gallion,Malcom L Meister,N,,,,,,,
Margit Gallaher,Man W Bean,N,,,,,,,
Margrett M Confer,Mandy Lavalley,N,,,,,,,
Mariam F Pinheiro,Mandy W Lavalley,N,,,,,,,
Mariano F Leary,Marcell T Farias,N,,,,,,,
Mariano Y Kyles,Marcella Mapp,N,,,,,,,
Maricela Pendergrass,Marcella Z Mapp,N,,,,,,,
Marina X Quayle,Marcellus H Macintyre,N,,,,,,,
Maris S Briggs,Marcellus Jalbert,N,,,,,,,
Marissa S Hughes,Marco J Desilva,N,,,,,,,
Marivel Seiter,Marg Dunfee,N,,,,,,,
Mark F Hamman,Margarett E Mulford,N,,,,,,,
Marketta Candelaria,Margarite E Blalock,N,,,,,,,
Markus J Lamm,Margarito M Oxendine,N,,,,,,,
Marlana W Zak,Margarito O Retana,N,,,,,,,
Marleen R Guyette,Margarito Retana,N,,,,,,,
Marlon M Caddell,Marget Dials,N,,,,,,,
Marni O Otter,Margit E Gallion,N,,,,,,,
Mary Y Tate,Margit Gallaher,N,,,,,,,
Maryellen E Zackery,Mariam F Pinheiro,N,,,,,,,
Maryellen H Hartness,Mariano F Leary,N,,,,,,,
Maryjo Mccloy,Mariano Y Kyles,N,,,,,,,
Maryln H Springfield,Maricela Pendergrass,N,,,,,,,
Marylouise Howland,Marina X Quayle,N,,,,,,,
Marylyn K Ditto,Maris S Briggs,N,,,,,,,
Marylynn Ealey,Marissa S Hughes,N,,,,,,,
Marylynn G Ealey,Marivel Seiter,N,,,,,,,
Mason Shiflett,Mark F Hamman,N,,,,,,,
Mathilda Monty,Marketta Candelaria,N,,,,,,,
Matt D Bramblett,Markus J Lamm,N,,,,,,,
Mauricio U Talty,Marlana W Zak,N,,,,,,,
Maxwell Azevedo,Marleen R Guyette,N,,,,,,,
Maxwell H Azevedo,Marlon M Caddell,N,,,,,,,
Maybelle Rush,Marni O Otter,N,,,,,,,
Mckinley H Scofield,Mary Y Tate,N,,,,,,,
Meda I Hayner,Maryellen E Zackery,N,,,,,,,
Mei H Silvera,Maryellen H Hartness,N,,,,,,,
Melida R Corle,Maryjo Mccloy,N,,,,,,,
Mellissa Hembree,Maryln H Springfield,N,,,,,,,
Mervin E Goering,Marylouise Howland,N,,,,,,,
Mervin Goering,Marylyn K Ditto,N,,,,,,,
Meryl B Jude,Marylynn Ealey,N,,,,,,,
Meryl Gow,Marylynn G Ealey,N,,,,,,,
Meryl I Nau,Mason Shiflett,N,,,,,,,
Meryl Nau,Mathilda Monty,N,,,,,,,
Mica Z Herzberg,Matt D Bramblett,N,,,,,,,
Micaela N Buker,Mauricio I Streets,N,,,,,,,
Micheal F Mcleroy,Mauricio U Talty,N,,,,,,,
Mickey E Hentges,Maxwell Azevedo,N,,,,,,,
Mickey Hentges,Maxwell H Azevedo,N,,,,,,,
Micki R Jauregui,Maybelle Rush,N,,,,,,,
Mignon H Ballesteros,Mckinley H Scofield,N,,,,,,,
Mignon Q Dills,Meda I Hayner,N,,,,,,,
Miguel P Karp,Mei H Silvera,N,,,,,,,
Mika J Rodriquez,Melida R Corle,N,,,,,,,
Mika Rodriquez,Mellissa Hembree,N,,,,,,,
Mike A Waddington,Mervin E Goering,N,,,,,,,
Miles Lambert,Mervin Goering,N,,,,,,,
Miles N Light,Meryl B Jude,N,,,,,,,
Millicent G Mangan,Meryl Gow,N,,,,,,,
Millicent Mangan,Meryl I Nau,N,,,,,,,
Min X Buckmaster,Meryl Nau,N,,,,,,,
Mina P Shotwell,Mica Z Herzberg,N,,,,,,,
Mina Shotwell,Micheal F Mcleroy,N,,,,,,,
Minta J Branham,Mickey E Hentges,N,,,,,,,
Mirian E Gorman,Mickey Hentges,N,,,,,,,
Mirtha Herzig,Micki R Jauregui,N,,,,,,,
Mirtha X Herzig,Mignon H Ballesteros,N,,,,,,,
Misti H Mendenhall,Mignon Q Dills,N,,,,,,,
Misti Royal,Miguel P Karp,N,,,,,,,
Moises U Hughs,Mika J Rodriquez,N,,,,,,,
Molly U Rasch,Mika Rodriquez,N,,,,,,,
Monte F Mcginn,Mike A Waddington,N,,,,,,,
Monty C Hughes,Miles Lambert,N,,,,,,,
Morgan Carriere,Miles N Light,N,,,,,,,
Morgan K Rathbun,Millicent G Mangan,N,,,,,,,
Morgan Leonetti,Millicent Mangan,N,,,,,,,
Morgan O Carriere,Min X Buckmaster,N,,,,,,,
Morgan V Leonetti,Mina P Shotwell,N,,,,,,,
Mose Brucker,Mina Shotwell,N,,,,,,,
Mose O Brucker,Minta J Branham,N,,,,,,,
Mumin Yusha,Mirian E Gorman,N,,,,,,,
Murray D Pennock,Mirtha Herzig,N,,,,,,,
Myles G Strum,Mirtha X Herzig,N,,,,,,,
Myra H Parra,Misti H Mendenhall,N,,,,,,,
Myron Elsea,Misti Royal,N,,,,,,,
Myron V Elsea,Moises U Hughs,N,,,,,,,
Nadia B Rosner,Molly U Rasch,N,,,,,,,
Nancy V Trogdon,Monte F Mcginn,N,,,,,,,
Nannette Ressler,Monty C Hughes,N,,,,,,,
Nannie Z Seeman,Morgan Carriere,N,,,,,,,
Natasha L Mcelhannon,Morgan K Rathbun,N,,,,,,,
Nathan Avendano,Morgan Leonetti,N,,,,,,,
Nathan V Avendano,Morgan O Carriere,N,,,,,,,
Nathanael G Mcmillin,Morgan V Leonetti,N,,,,,,,
Nathanael Halloway,Mose Brucker,N,,,,,,,
Nathanael W Ohl,Mose O Brucker,N,,,,,,,
Neil Gebhard,Mumin Yusha,N,,,,,,,
Neil V Gebhard,Murray D Pennock,N,,,,,,,
Neil Z Stoughton,Myles G Strum,N,,,,,,,
Nelida E Cheeks,Myra H Parra,N,,,,,,,
Nella Mckeown,Myron Elsea,N,,,,,,,
Nelson Dubuc,Myron V Elsea,N,,,,,,,
Nelson O Dubuc,Nadia B Rosner,N,,,,,,,
Neomi P Pitchford,Nancy V Trogdon,N,,,,,,,
Nestor T Ventura,Nannette Ressler,N,,,,,,,
Newton L Cromartie,Nannie Z Seeman,N,,,,,,,
Newton V Scalia,Natasha L Mcelhannon,N,,,,,,,
Ngoc P Pogue,Nathan Avendano,N,,,,,,,
Ngoc X Watson,Nathan V Avendano,N,,,,,,,
Nicholas B Salcedo,Nathanael G Mcmillin,N,,,,,,,
Nick Q Packard,Nathanael Halloway,N,,,,,,,
Nickolas G Grossi,Nathanael W Ohl,N,,,,,,,
Nicola S Bellis,Neil Gebhard,N,,,,,,,
Nicolle A Crothers,Neil V Gebhard,N,,,,,,,
Nigel K Wadsworth,Neil Z Stoughton,N,,,,,,,
Nigel O Sansom,Nelida E Cheeks,N,,,,,,,
Nigel V Dupras,Nella Mckeown,N,,,,,,,
Nikia Z Thrasher,Nelson Dubuc,N,,,,,,,
Nilsa Arambula,Nelson O Dubuc,N,,,,,,,
Noah O Love,Neomi P Pitchford,N,,,,,,,
Noble Sanderson,Nestor T Ventura,N,,,,,,,
Noel Garon,Newton L Cromartie,N,,,,,,,
Nolan V Velazco,Newton V Scalia,N,,,,,,,
Norris P Ewen,Ngoc P Pogue,N,,,,,,,
Novella B Osman,Ngoc X Watson,N,,,,,,,
Novella Osman,Nicholas B Salcedo,N,,,,,,,
Odette Gorden,Nick Q Packard,N,,,,,,,
Olevia U Cartier,Nickolas G Grossi,N,,,,,,,
Oliver Mouzon,Nicola S Bellis,N,,,,,,,
Omer H Moultrie,Nicolle A Crothers,N,,,,,,,
Ona K Koepp,Nigel K Wadsworth,N,,,,,,,
Oren M Mcnabb,Nigel O Sansom,N,,,,,,,
Oren Mcnabb,Nigel V Dupras,N,,,,,,,
Orval N Pichardo,Nikia Z Thrasher,N,,,,,,,
Orval Olinger,Nilsa Arambula,N,,,,,,,
Orval Q Olinger,Noah O Love,N,,,,,,,
Orval Q Schlesinger,Noble Sanderson,N,,,,,,,
Orville Marcantel,Noel Garon,N,,,,,,,
Orville Massey,Nolan V Velazco,N,,,,,,,
Oscar R Bovee,Norris P Ewen,N,,,,,,,
Oswaldo Baumbach,Novella B Osman,N,,,,,,,
Otha Sylvester,Novella Osman,N,,,,,,,
Otha T Orrell,Odette Gorden,N,,,,,,,
Otto Reilly,Olevia U Cartier,N,,,,,,,
Palmer O Beamer,Oliver Mouzon,N,,,,,,,
Pansy Duchesne,Omer H Moultrie,N,,,,,,,
Pansy F Duchesne,Ona K Koepp,N,,,,,,,
Paola R Timberlake,Orval N Pichardo,N,,,,,,,
Paris U Leite,Orval Olinger,N,,,,,,,
Patrick H Gilleland,Orval Q Schlesinger,N,,,,,,,
Patty Hosey,Orville Marcantel,N,,,,,,,
Paz J Hegwood,Orville Massey,N,,,,,,,
Perry E Huddleston,Oscar R Bovee,N,,,,,,,
Perry Outland,Oswaldo Baumbach,N,,,,,,,
Pete B Donnelly,Otha Sylvester,N,,,,,,,
Petrina B Dampier,Otha T Orrell,N,,,,,,,
Petrina Dampier,Otto Reilly,N,,,,,,,
Phil Czarnecki,Palmer O Beamer,N,,,,,,,
Phil G Czarnecki,Pansy Duchesne,N,,,,,,,
Phil T Urena,Pansy F Duchesne,N,,,,,,,
Philip Trinidad,Paola R Timberlake,N,,,,,,,
Philip X Trinidad,Paris U Leite,N,,,,,,,
Phillip Crabill,Patrick H Gilleland,N,,,,,,,
Phyllis Figueredo,Patty Hosey,N,,,,,,,
Porfirio Houghton,Paz J Hegwood,N,,,,,,,
Porsche Dearing,Perry E Huddleston,N,,,,,,,
Prince Maloof,Perry Outland,N,,,,,,,
Providencia Hennings,Pete B Donnelly,N,,,,,,,
Queenie M Alder,Petrina B Dampier,N,,,,,,,
Quinn Linneman,Petrina Dampier,N,,,,,,,
Rachelle M Burkhead,Phil Czarnecki,N,,,,,,,
Rafaela Madrid,Phil G Czarnecki,N,,,,,,,
Rafaela N Madrid,Phil T Urena,N,,,,,,,
Raguel Yeager,Philip Trinidad,N,,,,,,,
Ramon Heldt,Philip X Trinidad,N,,,,,,,
Ramona V Hemphill,Phillip Crabill,N,,,,,,,
Ramona W Rand,Phyllis Figueredo,N,,,,,,,
Ramonita Z Fincher,Porfirio Houghton,N,,,,,,,
Randal J Kahle,Porsche Dearing,N,,,,,,,
Randal Kahle,Prince Maloof,N,,,,,,,
Randee O Cassity,Providencia Hennings,N,,,,,,,
Randee X Blunt,Queenie M Alder,N,,,,,,,
Raphael W Kellner,Quinn Linneman,N,,,,,,,
Rashida M Durante,Rachelle M Burkhead,N,,,,,,,
Raye T Willmon,Rafaela Madrid,N,,,,,,,
Raymon I Chavarria,Rafaela N Madrid,N,,,,,,,
Raymond U Flavin,Raguel Yeager,N,,,,,,,
Raymundo Pecora,Ramon Heldt,N,,,,,,,
Reagan H Costas,Ramona V Hemphill,N,,,,,,,
Reanna I Hampton,Ramona W Rand,N,,,,,,,
Reatha E Osby,Ramonita Z Fincher,N,,,,,,,
Rebeca Kromer,Randal J Kahle,N,,,,,,,
Reed O Vella,Randal Kahle,N,,,,,,,
Reed Vella,Randee O Cassity,N,,,,,,,
Reggie Cramer,Randee X Blunt,N,,,,,,,
Reinaldo Castellanos,Raphael W Kellner,N,,,,,,,
Rene Morel,Rashida M Durante,N,,,,,,,
Ressie Goodwyn,Raye T Willmon,N,,,,,,,
Ressie I Goodwyn,Raymon I Chavarria,N,,,,,,,
Retha G Nealy,Raymond U Flavin,N,,,,,,,
Rex K Dion,Reagan H Costas,N,,,,,,,
Reyes X Segal,Reanna I Hampton,N,,,,,,,
Reynalda M Millwood,Reatha E Osby,N,,,,,,,
Reynaldo S Service,Rebeca Kromer,N,,,,,,,
Rhett A Chapple,Reed O Vella,N,,,,,,,
Rhett H Goode,Reed Vella,N,,,,,,,
Rich Cleek,Reggie Cramer,N,,,,,,,
Rich Q Rehberg,Reinaldo Castellanos,N,,,,,,,
Rich Rehberg,Renaldo K Cheatham,N,,,,,,,
Richard C Truman,Rene Morel,N,,,,,,,
Richard J Fetter,Ressie Goodwyn,N,,,,,,,
Richelle Haffner,Ressie I Goodwyn,N,,,,,,,
Richie I Weisz,Retha G Nealy,N,,,,,,,
Rick E Armenta,Rex K Dion,N,,,,,,,
Rick Y Haefner,Reyes X Segal,N,,,,,,,
Rickey I Delk,Reynalda M Millwood,N,,,,,,,
Rina L Chacon,Rhett A Chapple,N,,,,,,,
Rob Spier,Rhett H Goode,N,,,,,,,
Robbie N Heckman,Rich Cleek,N,,,,,,,
Robert Ancheta,Rich Q Rehberg,N,,,,,,,
Robert C Ancheta,Rich Rehberg,N,,,,,,,
Robert F Trudeau,Richard C Truman,N,,,,,,,
Robert Winsor,Richard J Fetter,N,,,,,,,
Roberto A Fresquez,Richelle Haffner,N,,,,,,,
Roberto U Derry,Richie I Weisz,N,,,,,,,
Robin Z Stewart,Rick E Armenta,N,,,,,,,
Rod Catania,Rick Y Haefner,N,,,,,,,
Rodney Leonardo,Rickey I Delk,N,,,,,,,
Rogelio Finnerty,Rina L Chacon,N,,,,,,,
Rogelio Ledezma,Rob Spier,N,,,,,,,
Rolando Womble,Robbie N Heckman,N,,,,,,,
Ronnie E Swim,Robert Ancheta,N,,,,,,,
Ronnie G Gumbs,Robert C Ancheta,N,,,,,,,
Ronnie H Upton,Robert F Trudeau,N,,,,,,,
Ronnie Upton,Robert Winsor,N,,,,,,,
Rory Syed,Roberto A Fresquez,N,,,,,,,
Rosa Iler,Roberto U Derry,N,,,,,,,
Rosaline H Brenneman,Robin Z Stewart,N,,,,,,,
Rosalva G Shepley,Rod Catania,N,,,,,,,
Rosanna D Standley,Rodney Leonardo,N,,,,,,,
Roscoe Tunney,Rogelio Finnerty,N,,,,,,,
Roselia F Britton,Rogelio Ledezma,N,,,,,,,
Rosella E Marron,Rolando Womble,N,,,,,,,
Rosemarie K Fellows,Ronnie E Swim,N,,,,,,,
Rosetta Messerly,Ronnie G Gumbs,N,,,,,,,
Rosette F Cascio,Ronnie H Upton,N,,,,,,,
Rosina Gonsalves,Ronnie Upton,N,,,,,,,
Ross Imai,Rory Syed,N,,,,,,,
Rosy U Baumeister,Rosa Iler,N,,,,,,,
Roy W Wilkie,Rosaline H Brenneman,N,,,,,,,
Royal U Okeefe,Rosalva G Shepley,N,,,,,,,
Royce K Goodwyn,Rosanna D Standley,N,,,,,,,
Rozanne N Mielke,Roscoe Tunney,N,,,,,,,
Rubin Confer,Roselia F Britton,N,,,,,,,
Rubin E Confer,Rosella E Marron,N,,,,,,,
Ruby B Hare,Rosemarie K Fellows,N,,,,,,,
Rueben X Pidgeon,Rosetta Messerly,N,,,,,,,
Rufus F Furlong,Rosette F Cascio,N,,,,,,,
Rufus Neufeld,Rosina Gonsalves,N,,,,,,,
Russ I Teed,Ross Imai,N,,,,,,,
Russ U Belliveau,Rosy U Baumeister,N,,,,,,,
Russel Baumer,Roy W Wilkie,N,,,,,,,
Rusty Bibby,Royal U Okeefe,N,,,,,,,
Sal C Heiden,Royce K Goodwyn,N,,,,,,,
Salena I Santillan,Rozanne N Mielke,N,,,,,,,
Salena Santillan,Rubin Confer,N,,,,,,,
Salvatore J Lindell,Rubin E Confer,N,,,,,,,
Sam C Limones,Ruby B Hare,N,,,,,,,
Sam E Lacey,Rueben X Pidgeon,N,,,,,,,
Samantha V Lucky,Rufus F Furlong,N,,,,,,,
Sammy C Holtzclaw,Rufus Neufeld,N,,,,,,,
Samuel Dart,Russ I Teed,N,,,,,,,
Sanford Knee,Russ U Belliveau,N,,,,,,,
Sarita P Schubert,Russel Baumer,N,,,,,,,
Scott K Ricco,Rusty Bibby,N,,,,,,,
Selma Abram,Sal C Heiden,N,,,,,,,
Sena U Delrosario,Salena I Santillan,N,,,,,,,
Serina Lingle,Salena Santillan,N,,,,,,,
Seth N Lipsky,Salvatore J Lindell,N,,,,,,,
Seth Willilams,Sam C Limones,N,,,,,,,
Shanelle Z Hick,Sam E Lacey,N,,,,,,,
Shannon J Force,Samantha V Lucky,N,,,,,,,
Shanti F Quirion,Samuel Dart,N,,,,,,,
Shanti P Brinegar,Sanford Knee,N,,,,,,,
Shanti Quirion,Scott K Ricco,N,,,,,,,
Shara Millsap,Selma Abram,N,,,,,,,
Sharda W Choudhury,Sena U Delrosario,N,,,,,,,
Sharita Y Lombardi,Serina Lingle,N,,,,,,,
Sharlene Klein,Seth N Lipsky,N,,,,,,,
Sharonda Janzen,Seth Willilams,N,,,,,,,
Sharri Z Gormley,Shanelle Z Hick,N,,,,,,,
Sharyl Y Torian,Shannon J Force,N,,,,,,,
Shasta F Bay,Shanti F Quirion,N,,,,,,,
Shasta P Depuy,Shanti Quirion,N,,,,,,,
Shavon K Wescott,Shara Millsap,N,,,,,,,
Shavonne B Boylan,Sharda W Choudhury,N,,,,,,,
Shavonne Henkle,Sharita Y Lombardi,N,,,,,,,
Shawanda Ostlund,Sharlene Klein,N,,,,,,,
Shayne T Claytor,Sharonda Janzen,N,,,,,,,
Sheila F Bergman,Sharri Z Gormley,N,,,,,,,
Shemika D Porterfield,Sharyl Y Torian,N,,,,,,,
Sherise Bledsoe,Shasta F Bay,N,,,,,,,
Sherise C Bledsoe,Shasta P Depuy,N,,,,,,,
Sherlene E Mcdaniel,Shavon K Wescott,N,,,,,,,
Sherryl B Raker,Shavonne B Boylan,N,,,,,,,
Sherryl Raker,Shawanda Ostlund,N,,,,,,,
Sherwood K Shire,Shayne T Claytor,N,,,,,,,
Shirl M Caraballo,Sheila F Bergman,N,,,,,,,
Shirley H Mettler,Shemika D Porterfield,N,,,,,,,
Sidney D Amore,Sherise Bledsoe,N,,,,,,,
Silas J Wojcik,Sherise C Bledsoe,N,,,,,,,
Silas S Pyatt,Sherlene E Mcdaniel,N,,,,,,,
Silvana V Hendrix,Sherryl B Raker,N,,,,,,,
Simon G Cromwell,Sherryl Raker,N,,,,,,,
Sixta H Jo,Sheryll X Broadbent,N,,,,,,,
Sixta Jo,Shirl M Caraballo,N,,,,,,,
Sol Coffman,Shirley H Mettler,N,,,,,,,
Sol K Roger,Sidney D Amore,N,,,,,,,
Solange Landaverde,Silas J Wojcik,N,,,,,,,
Son D Ricketts,Silas S Pyatt,N,,,,,,,
Sonny Najar,Silvana V Hendrix,N,,,,,,,
Sophia F Knecht,Simon G Cromwell,N,,,,,,,
Stacey H Galante,Sixta H Jo,N,,,,,,,
Stacy B Kennell,Sixta Jo,N,,,,,,,
Stan I Folks,Sol Coffman,N,,,,,,,
Stan S Watt,Solange Landaverde,N,,,,,,,
Stanley Caudill,Son D Ricketts,N,,,,,,,
Stanley F Casillas,Sonny Najar,N,,,,,,,
Stanton Y Cavallaro,Sophia F Knecht,N,,,,,,,
Stasia L Daley,Stacey H Galante,N,,,,,,,
Stefanie P Rose,Stacy B Kennell,N,,,,,,,
Stephnie Millman,Stan I Folks,N,,,,,,,
Steve S Everette,Stan S Watt,N,,,,,,,
Steven B Daigneault,Stanley Caudill,N,,,,,,,
Steven Daigneault,Stanley F Casillas,N,,,,,,,
Stuart Fullwood,Stanton Y Cavallaro,N,,,,,,,
Suellen Eoff,Stasia L Daley,N,,,,,,,
Sunshine F Earle,Stefanie P Rose,N,,,,,,,
Susan Barra,Stephnie Millman,N,,,,,,,
Susana Hooks,Steve S Everette,N,,,,,,,
Susann A Faucett,Steven B Daigneault,N,,,,,,,
Suzette F Lovejoy,Steven Daigneault,N,,,,,,,
Suzette Lovejoy,Stuart Fullwood,N,,,,,,,
Sydney Trosper,Suellen Eoff,N,,,,,,,
Sylvester Harmer,Sunshine F Earle,N,,,,,,,
Sylvester M Harmer,Susan Barra,N,,,,,,,
Sylvester Z Blackledge,Susana Hooks,N,,,,,,,
Tad Laster,Susann A Faucett,N,,,,,,,
Tad Portillo,Suzette F Lovejoy,N,,,,,,,
Tad V Laster,Suzette Lovejoy,N,,,,,,,
Talisha F Nicklas,Sydney Trosper,N,,,,,,,
Tamera Balser,Sylvester Harmer,N,,,,,,,
Tamesha I Knepper,Sylvester M Harmer,N,,,,,,,
Tamica J Holoman,Sylvester Z Blackledge,N,,,,,,,
Tammi S Garret,Tad Laster,N,,,,,,,
Tammy Staples,Tad Portillo,N,,,,,,,
Tammy Z Lorentz,Tad V Laster,N,,,,,,,
Tanner Y Hollenbeck,Talisha F Nicklas,N,,,,,,,
Tawanda E Buchanon,Tamesha I Knepper,N,,,,,,,
Taylor O Thill,Tamica J Holoman,N,,,,,,,
Tayna L Covarrubias,Tammi S Garret,N,,,,,,,
Teddy Kleinschmidt,Tammy Staples,N,,,,,,,
Tempie Peralta,Tammy Z Lorentz,N,,,,,,,
Terra D Routh,Tanner Y Hollenbeck,N,,,,,,,
Terra Routh,Tawanda E Buchanon,N,,,,,,,
Terrance E Schiefelbein,Taylor O Thill,N,,,,,,,
Terrell J Leader,Tayna L Covarrubias,N,,,,,,,
Terrell Leader,Teddy Kleinschmidt,N,,,,,,,
Theda Timothy,Tempie Peralta,N,,,,,,,
Theresa Fitzmaurice,Terra D Routh,N,,,,,,,
Theresa R Fitzmaurice,Terra Routh,N,,,,,,,
Theron T Kramer,Terrance E Schiefelbein,N,,,,,,,
Thomas B Felipe,Terrell J Leader,N,,,,,,,
Thomas H Huang,Terrell Leader,N,,,,,,,
Thora Vanhook,Theda Timothy,N,,,,,,,
Thurman T Caceres,Theresa Fitzmaurice,N,,,,,,,
Tiffaney A Schoenberg,Theresa R Fitzmaurice,N,,,,,,,
Tiffaney Schoenberg,Theron T Kramer,N,,,,,,,
Tim N Schueller,Thomas B Felipe,N,,,,,,,
Tim U Kornegay,Thomas H Huang,N,,,,,,,
Timmy I Poteat,Thora Vanhook,N,,,,,,,
Timmy Kitchens,Thurman T Caceres,N,,,,,,,
Tinisha V Vince,Tiffaney A Schoenberg,N,,,,,,,
Tiny Llanos,Tiffaney Schoenberg,N,,,,,,,
Tiny Z Oliveri,Tim N Schueller,N,,,,,,,
Titus Eide,Tim U Kornegay,N,,,,,,,
Toby Riles,Timmy I Poteat,N,,,,,,,
Tod Rene,Timmy Kitchens,N,,,,,,,
Toi F Stallard,Tinisha V Vince,N,,,,,,,
Tomas V Krout,Tiny Llanos,N,,,,,,,
Tommie S Fargo,Tiny Z Oliveri,N,,,,,,,
Tommy I Meadows,Titus Eide,N,,,,,,,
Tona S Huseby,Toby Riles,N,,,,,,,
Toney Buffum,Tod Rene,N,,,,,,,
Toney O Gentle,Toi F Stallard,N,,,,,,,
Tonia Silvis,Tomas V Krout,N,,,,,,,
Tonia X Silvis,Tommie S Fargo,N,,,,,,,
Tonja E Lenahan,Tommy I Meadows,N,,,,,,,
Tonja Lenahan,Tona S Huseby,N,,,,,,,
Tony E Keough,Toney Buffum,N,,,,,,,
Tony Keough,Tonia Silvis,N,,,,,,,
Towanda H Matson,Tonia X Silvis,N,,,,,,,
Tracey Lapinski,Tonja E Lenahan,N,,,,,,,
Tracie J Winebarger,Tonja Lenahan,N,,,,,,,
Trent J Lockman,Tony E Keough,N,,,,,,,
Tressa Q Standard,Tony Keough,N,,,,,,,
Tressa Standard,Towanda H Matson,N,,,,,,,
Trey Kaiser,Tracey Lapinski,N,,,,,,,
Tristan L Cockrell,Tracie J Winebarger,N,,,,,,,
Tristan M Brackett,Trent J Lockman,N,,,,,,,
Troy J Higbee,Tressa Q Standard,N,,,,,,,
Troy Michalski,Tressa Standard,N,,,,,,,
Tuan L Rhymes,Trey Kaiser,N,,,,,,,
Tyler D Galindo,Tristan L Cockrell,N,,,,,,,
Tyler Galindo,Tristan M Brackett,N,,,,,,,
Tyler N Larkins,Troy J Higbee,N,,,,,,,
Tyree W Linden,Troy Michalski,N,,,,,,,
Tyrell R Bramlett,Tuan L Rhymes,N,,,,,,,
Tyson High,Tyler D Galindo,N,,,,,,,
Ula W Hartl,Tyler Galindo,N,,,,,,,
Ulysses S Abate,Tyler N Larkins,N,,,,,,,
Un Zebrowski,Tyree W Linden,N,,,,,,,
Ute Outen,Tyrell R Bramlett,N,,,,,,,
Valarie O Gorecki,Tyson High,N,,,,,,,
Valencia M Cuffee,Ula W Hartl,N,,,,,,,
Valene R Yost,Ulysses S Abate,N,,,,,,,
Valene Yost,Un Zebrowski,N,,,,,,,
Valentin Escoto,Ute Outen,N,,,,,,,
Valentin T Dearborn,Valarie O Gorecki,N,,,,,,,
Valentine Gibbon,Valencia M Cuffee,N,,,,,,,
Valeria Fang,Valene R Yost,N,,,,,,,
Van E Broadbent,Valene Yost,N,,,,,,,
Van T Dotson,Valentin Escoto,N,,,,,,,
Vance Kuss,Valentin T Dearborn,N,,,,,,,
Vasiliki E Thoman,Valentine Gibbon,N,,,,,,,
Vasiliki Thoman,Valeria Fang,N,,,,,,,
Vaughn N Garica,Van E Broadbent,N,,,,,,,
Velda V Larue,Van T Dotson,N,,,,,,,
Verla H Contreras,Vance Kuss,N,,,,,,,
Vern T Lomeli,Vasiliki E Thoman,N,,,,,,,
Verona H Brobst,Vasiliki Thoman,N,,,,,,,
Veronica I Mower,Vaughn N Garica,N,,,,,,,
Vicki V Broussard,Velda V Larue,N,,,,,,,
Vicki Y Hargrave,Verla H Contreras,N,,,,,,,
Victor Helmuth,Vern T Lomeli,N,,,,,,,
Victoria H Musson,Verona H Brobst,N,,,,,,,
Vikki N Lezama,Veronica I Mower,N,,,,,,,
Vincent N Lennon,Vicki V Broussard,N,,,,,,,
Vincenzo Rentschler,Vicki Y Hargrave,N,,,,,,,
Vinita E Chamber,Victor Helmuth,N,,,,,,,
Violet L Ertel,Victoria H Musson,N,,,,,,,
Virgil R Yuen,Vincent N Lennon,N,,,,,,,
Vivienne X Binion,Vincenzo Rentschler,N,,,,,,,
Voncile P Trojanowski,Vinita E Chamber,N,,,,,,,
Vonda U Mckinnis,Virgil R Yuen,N,,,,,,,
Waldo Witmer,Vivienne X Binion,N,,,,,,,
Walter B Mcmorrow,Voncile P Trojanowski,N,,,,,,,
Walter H Hargreaves,Vonda U Mckinnis,N,,,,,,,
Walter R Seddon,Waldo Witmer,N,,,,,,,
Walton U Kapoor,Walter B Mcmorrow,N,,,,,,,
Warner I Manly,Walter H Hargreaves,N,,,,,,,
Warren L Manion,Walter R Seddon,N,,,,,,,
Waylon Z Curtsinger,Walton U Kapoor,N,,,,,,,
Wendolyn Riddle,Warner I Manly,N,,,,,,,
Whitney N Wasinger,Warren L Manion,N,,,,,,,
Wiley U Maske,Waylon Z Curtsinger,N,,,,,,,
Wilfred Honore,Wendolyn Riddle,N,,,,,,,
Wilhelmina Y Keaney,Whitney N Wasinger,N,,,,,,,
Willia Vath,Wiley U Maske,N,,,,,,,
William B Mcnerney,Wilfred Honore,N,,,,,,,
Williams Timko,Wilhelmina Y Keaney,N,,,,,,,
Willian Zeringue,William B Mcnerney,N,,,,,,,
Willis D Weissman,Williams Timko,N,,,,,,,
Wilton Florence,Willian Zeringue,N,,,,,,,
Windy A Dudek,Willis D Weissman,N,,,,,,,
Windy Dudek,Wilton Florence,N,,,,,,,
Windy Pharr,Windy Dudek,N,,,,,,,
Windy S Pharr,Windy Pharr,N,,,,,,,
Windy Valadez,Windy S Pharr,N,,,,,,,
Winona Slape,Windy Valadez,N,,,,,,,
Wm S Goldschmidt,Winona Slape,N,,,,,,,
Xochitl Hogan,Xochitl Hogan,Y,Xochitl Hogan,,,,,,
Xochitl Luse,Xochitl Luse,Y,Xochitl Luse,,,,,,
Yong Ramsey,Yong Ramsey,Y,Yong Ramsey,,,,,,
Young Rueb,Young Rueb,Y,Young Rueb,,,,,,
Young W Funes,Young W Funes,Y,Young W Funes,,,,,,
Yung G Booher,Yung G Booher,Y,Yung G Booher,,,,,,
Yvone Seay,Yvone Seay,Y,Yvone Seay,,,,,,
Zachary Haugland,Zachary Haugland,Y,Zachary Haugland,,,,,,
Zachary S Velasquez,Zachary S Velasquez,Y,Zachary S Velasquez,,,,,,
Zachary U Breeden,Zachary U Breeden,Y,Zachary U Breeden,,,,,,
Zachary Velasquez,Zachary Velasquez,Y,Zachary Velasquez,,,,,,
Zachery Barna,Zachery Barna,Y,Zachery Barna,,,,,,
Zack H Mumaw,Zack H Mumaw,Y,Zack H Mumaw,,,,,,
Zackary G Parkins,Zackary G Parkins,Y,Zackary G Parkins,,,,,,
Zana G Ordonez,Zana G Ordonez,Y,Zana G Ordonez,,,,,,
Zane J Hurdle,Zane J Hurdle,Y,Zane J Hurdle,,,,,,
Zella Renn,Zella Renn,Y,Zella Renn,,,,,,
Zenia D Owings,Zenia D Owings,Y,Zenia D Owings,,,,,,
Zoila X Nair,Zoila X Nair,Y,Zoila X Nair,,,,,,
